Sample,Tissue,Confidence
TCGA-50-5932-01A-11R-1755-07,lung,100.0%
TCGA-55-8091-01A-11R-2241-07,lung,100.0%
TCGA-49-4505-01A-01R-1206-07,lung,100.0%
TCGA-34-5232-01A-21R-1820-07,breast,100.0%
TCGA-63-5131-01A-01R-1443-07,lung,100.0%
TCGA-56-A5DS-01A-11R-A27Q-07,lung,100.0%
TCGA-22-1005-01A-01R-0692-07,lung,100.0%
TCGA-55-7816-01A-11R-2170-07,fibroblast,100.0%
TCGA-NJ-A4YI-01A-11R-A262-07,lung,100.0%
TCGA-38-4628-01A-01R-1206-07,lung,100.0%
TCGA-55-6983-11A-01R-1949-07,lung,100.0%
TCGA-63-A5MH-01A-12R-A27Q-07,lung,100.0%
TCGA-62-A470-01A-11R-A24H-07,lung,100.0%
TCGA-34-8456-01A-21R-2326-07,lung,100.0%
TCGA-77-7138-01A-41R-2045-07,skin,100.0%
TCGA-43-A56U-01A-11R-A26W-07,breast,92.3%
TCGA-50-6597-01A-11R-1858-07,lung,100.0%
TCGA-49-4514-01A-21R-1858-07,lung,100.0%
TCGA-80-5611-01A-01R-1628-07,lung,100.0%
TCGA-34-2596-01A-01R-0851-07,lung,100.0%
TCGA-55-7573-01A-11R-2039-07,lung,100.0%
TCGA-MP-A5C7-01A-11R-A262-07,lung,100.0%
TCGA-50-7109-01A-11R-2039-07,lung,100.0%
TCGA-43-A474-01A-11R-A24H-07,lung,100.0%
TCGA-95-7948-01A-11R-2187-07,ovary,98.5%
TCGA-75-6212-01A-11R-1755-07,lung,100.0%
TCGA-86-7701-01A-11R-2170-07,lung,100.0%
TCGA-22-4595-01A-01R-1201-07,lung,100.0%
TCGA-55-6968-01A-11R-1949-07,lung,100.0%
TCGA-97-A4M3-01A-11R-A24X-07,lung,100.0%
TCGA-98-8020-01A-11R-2247-07,lung,100.0%
TCGA-93-A4JP-01A-11R-A24X-07,lung,100.0%
TCGA-86-8358-01A-11R-2326-07,lung,100.0%
TCGA-97-8179-01A-11R-2287-07,lung,100.0%
TCGA-94-A5I4-01A-11R-A26W-07,lung,100.0%
TCGA-78-7150-01A-21R-2039-07,lung,100.0%
TCGA-56-8309-11A-01R-2296-07,lung,100.0%
TCGA-44-3398-11B-01R-1758-07,lung,100.0%
TCGA-55-6986-11A-01R-1949-07,lung,100.0%
TCGA-22-5479-01A-31R-1949-07,lung,100.0%
TCGA-97-A4M7-01A-11R-A24X-07,lung,100.0%
TCGA-56-8625-01A-11R-2403-07,lung,100.0%
TCGA-77-7142-11A-01R-2045-07,lung,100.0%
TCGA-95-7944-01A-11R-2187-07,lung,99.5%
TCGA-21-1070-01A-01R-0692-07,lung,100.0%
TCGA-50-5068-01A-01R-1628-07,lung,100.0%
TCGA-22-4599-01A-01R-1443-07,lung,100.0%
TCGA-92-8063-01A-11R-2247-07,lung,100.0%
TCGA-75-7025-01A-12R-1949-07,lung,100.0%
TCGA-34-2608-01A-02R-0851-07,lung,100.0%
TCGA-22-5482-11A-01R-1635-07,lung,100.0%
TCGA-63-7023-01A-11R-1949-07,breast,100.0%
TCGA-05-4389-01A-01R-1206-07,lung,100.0%
TCGA-33-4587-01A-11R-2125-07,prostate,100.0%
TCGA-05-4420-01A-01R-1206-07,lung,100.0%
TCGA-60-2708-01A-01R-0851-07,breast,100.0%
TCGA-50-5939-11A-01R-1628-07,lung,100.0%
TCGA-55-7727-01A-11R-2170-07,lung,100.0%
TCGA-L9-A50W-01A-12R-A39D-07,lung,100.0%
TCGA-21-5786-01A-01R-1635-07,breast,100.0%
TCGA-96-8170-01A-11R-2296-07,lung,100.0%
TCGA-85-8052-01A-11R-2247-07,lung,100.0%
TCGA-55-A57B-01A-12R-A39D-07,lung,100.0%
TCGA-50-8457-01A-11R-2326-07,lung,100.0%
TCGA-18-3412-01A-01R-0980-07,lung,100.0%
TCGA-05-4396-01A-21R-1858-07,lung,100.0%
TCGA-22-4594-01A-01R-1201-07,lung,100.0%
TCGA-55-8511-01A-11R-2403-07,lung,100.0%
TCGA-67-3772-01A-01R-0946-07,lung,100.0%
TCGA-05-4244-01A-01R-1107-07,lung,100.0%
TCGA-85-A4JB-01A-51R-A262-07,breast,100.0%
TCGA-63-A5MV-01A-21R-A26W-07,lung,100.0%
TCGA-55-6975-01A-11R-1949-07,prostate,100.0%
TCGA-56-8622-01A-11R-2403-07,lung,100.0%
TCGA-55-6972-01A-11R-1949-07,lung,100.0%
TCGA-73-4676-11A-01R-1755-07,lung,100.0%
TCGA-66-2790-01A-01R-0980-07,lung,100.0%
TCGA-22-5485-01A-01R-1635-07,lung,100.0%
TCGA-38-4625-11A-01R-1758-07,lung,100.0%
TCGA-34-5929-01A-11R-1820-07,lung,100.0%
TCGA-78-7163-01A-12R-2066-07,lung,100.0%
TCGA-6A-AB49-01A-12R-A405-07,prostate,100.0%
TCGA-39-5021-01A-01R-1443-07,lung,100.0%
TCGA-44-6145-01A-11R-1755-07,lung,100.0%
TCGA-49-AAR2-01A-11R-A39D-07,brain,100.0%
TCGA-21-1082-01A-01R-0692-07,lung,100.0%
TCGA-77-8150-01A-11R-2247-07,lung,100.0%
TCGA-77-8007-01A-11R-2187-07,lung,100.0%
TCGA-55-6985-01A-11R-1949-07,lung,100.0%
TCGA-33-4547-01A-01R-1201-07,lung,100.0%
TCGA-44-5643-01A-01R-1628-07,prostate,100.0%
TCGA-50-5045-01A-01R-1628-07,lung,100.0%
TCGA-05-4410-01A-21R-1858-07,lung,100.0%
TCGA-62-A46P-01A-11R-A24H-07,lung,100.0%
TCGA-63-6202-01A-11R-1820-07,lung,100.0%
TCGA-94-7557-01A-11R-2125-07,lung,100.0%
TCGA-05-4405-01A-21R-1858-07,lung,100.0%
TCGA-95-A4VN-01A-11R-A262-07,lung,100.0%
TCGA-66-2789-01A-01R-0980-07,lung,100.0%
TCGA-86-A456-01A-11R-A24H-07,lung,100.0%
